{"meta":{"ns":"PangoCairo","version":"1.0","generator":"gi-docgen","generator-version":"2021.8"},"symbols":[{"type":"callback","name":"ShapeRendererFunc","summary":"Function type for rendering attributes of type %PANGO_ATTR_SHAPE with ..."},{"type":"content","name":"Rendering with Cairo","href":"pango_cairo.html","summary":" # Rendering with Cairo  The Cairo library ..."},{"type":"function","name":"context_get_font_options","ident":"pango_cairo_context_get_font_options","summary":"Retrieves any font rendering options previously set with [func@PangoCairo.context_set_font_options]. ..."},{"type":"function","name":"context_get_resolution","ident":"pango_cairo_context_get_resolution","summary":"Gets the resolution for the context.  See [func@PangoCairo.context_set_resolution]"},{"type":"function","name":"context_get_shape_renderer","ident":"pango_cairo_context_get_shape_renderer","summary":"Sets callback function for context to use for rendering ..."},{"type":"function","name":"context_set_font_options","ident":"pango_cairo_context_set_font_options","summary":"Sets the font options used when rendering text with ..."},{"type":"function","name":"context_set_resolution","ident":"pango_cairo_context_set_resolution","summary":"Sets the resolution for the context.  This is ..."},{"type":"function","name":"context_set_shape_renderer","ident":"pango_cairo_context_set_shape_renderer","summary":"Sets callback function for context to use for rendering ..."},{"type":"function","name":"create_context","ident":"pango_cairo_create_context","summary":"Creates a context object set up to match the ..."},{"type":"function","name":"create_layout","ident":"pango_cairo_create_layout","summary":"Creates a layout object set up to match the ..."},{"type":"function","name":"error_underline_path","ident":"pango_cairo_error_underline_path","summary":"Add a squiggly line to the current path in ..."},{"type":"function","name":"glyph_string_path","ident":"pango_cairo_glyph_string_path","summary":"Adds the glyphs in @glyphs to the current path ..."},{"type":"function","name":"layout_line_path","ident":"pango_cairo_layout_line_path","summary":"Adds the text in `PangoLayoutLine` to the current path ..."},{"type":"function","name":"layout_path","ident":"pango_cairo_layout_path","summary":"Adds the text in a `PangoLayout` to the current ..."},{"type":"function","name":"show_error_underline","ident":"pango_cairo_show_error_underline","summary":"Draw a squiggly line in the specified cairo context ..."},{"type":"function","name":"show_glyph_item","ident":"pango_cairo_show_glyph_item","summary":"Draws the glyphs in @glyph_item in the specified cairo ..."},{"type":"function","name":"show_glyph_string","ident":"pango_cairo_show_glyph_string","summary":"Draws the glyphs in @glyphs in the specified cairo ..."},{"type":"function","name":"show_layout","ident":"pango_cairo_show_layout","summary":"Draws a `PangoLayout` in the specified cairo context.  ..."},{"type":"function","name":"show_layout_line","ident":"pango_cairo_show_layout_line","summary":"Draws a `PangoLayoutLine` in the specified cairo context.  ..."},{"type":"function","name":"update_context","ident":"pango_cairo_update_context","summary":"Updates a `PangoContext` previously created for use with Cairo ..."},{"type":"function","name":"update_layout","ident":"pango_cairo_update_layout","summary":"Updates the private `PangoContext` of a `PangoLayout` created with ..."},{"type":"interface","name":"Font","ctype":"PangoCairoFont","summary":"`PangoCairoFont` is an interface exported by fonts for use ..."},{"type":"interface","name":"FontMap","ctype":"PangoCairoFontMap","summary":"`PangoCairoFontMap` is an interface exported by font maps for ..."},{"type":"method","name":"create_context","type_name":"FontMap","ident":"pango_cairo_font_map_create_context","summary":"Create a `PangoContext` for the given fontmap."},{"type":"method","name":"get_font_type","type_name":"FontMap","ident":"pango_cairo_font_map_get_font_type","summary":"Gets the type of Cairo font backend that @fontmap uses."},{"type":"method","name":"get_resolution","type_name":"FontMap","ident":"pango_cairo_font_map_get_resolution","summary":"Gets the resolution for the fontmap.  See [method@PangoCairo.FontMap.set_resolution]."},{"type":"method","name":"get_scaled_font","type_name":"Font","ident":"pango_cairo_font_get_scaled_font","summary":"Gets the `cairo_scaled_font_t` used by @font. The scaled font ..."},{"type":"method","name":"set_default","type_name":"FontMap","ident":"pango_cairo_font_map_set_default","summary":"Sets a default `PangoCairoFontMap` to use with Cairo.  ..."},{"type":"method","name":"set_resolution","type_name":"FontMap","ident":"pango_cairo_font_map_set_resolution","summary":"Sets the resolution for the fontmap.  This is ..."},{"type":"type_func","name":"get_default","type_name":"FontMap","ident":"pango_cairo_font_map_get_default","summary":"Gets a default `PangoCairoFontMap` to use with Cairo.  ..."},{"type":"type_func","name":"new","type_name":"FontMap","ident":"pango_cairo_font_map_new","summary":"Creates a new `PangoCairoFontMap` object.  A fontmap is ..."},{"type":"type_func","name":"new_for_font_type","type_name":"FontMap","ident":"pango_cairo_font_map_new_for_font_type","summary":"Creates a new `PangoCairoFontMap` object of the type suitable ..."}],"terms":{"":[1,2,3,4,5,6,7,8,9,10,11,12,13,14,15,16,17,18,20,22,25,26,27,28,29,30,32],"*":[5,27],"/":[5,27],"1.32.6":[26,28],"10":[5,27,32],"13":[5,27],"13.3":[5,27],"2.0`":[32],"72":[5,27],"96":[5,27],"=":[5,27],"[ctor@pango.layout.new]":[7],"[func@pangocairo.context_set_font_options]":[1],"[func@pangocairo.context_set_shape_renderer]":[3],"[func@pangocairo.fontmap.get_default]":[30],"[func@pangocairo.fontmap.new]":[26,30],"[func@show_glyph_string]":[14],"[func@show_layout]":[8],"[func@update_context]":[1],"[func@update_layout]":[8],"[method@pangocairo.fontmap.set_default]":[28],"[method@pangocairo.fontmap.set_resolution]":[25],"`cairo_scal":[32],"`func@pangocairo.font_map_get_default]":[29],"`glyph_item->item->offset`":[14],"about":[29],"abov":[32],"access":[7],"act":[14],"actual":[20,22],"add":[9,10,11,12],"adjust":[32],"affect":[32],"allow":[32],"alpha-composit":[32],"amount":[8],"an":[8,9,13,20,22,29],"ani":[1,3,4,18,26,32],"anti-alias":[32],"applic":[8],"approxim":[9,13],"associ":[3,14],"assum":[32],"attribut":[0,3,6],"avail":[29,32],"backend":[24,26,28,29,30,32],"base":[29],"baselin":[10,14,15],"basic":[32],"been":[18],"between":[5,27],"build":[29,32],"cach":[29],"cairo":[0,5,7,8,9,10,11,12,13,14,15,16,17,18,19,20,22,24,26,27,28,29,30,32],"cairo_scaled_font_refer":[21],"cairo_scaled_font_t":[21],"cairo_t":[32],"call":[8,18,32],"callback":[3,6],"can":[7,8,21,26,28,29,32],"case":[29,30,32],"caus":[26],"center":[9,13],"certain":[29],"chang":[8,26,28],"code":[32],"common":[32],"compil":[20,22,28,29],"complet":[32],"context":[1,2,3,4,5,6,7,8,9,10,11,12,13,14,15,16,17,18,19,23,32],"conveni":[7,8,32],"coordin":[32],"coretext":[29],"corner":[12,16],"cover":[9,13],"cr":[32],"creat":[7,8,18,19,23,26,29,30,32],"current":[7,8,9,10,11,12,14,15,16,17,18,19,26,32],"data":[3],"default":[5,7,26,27,28],"demand":[26],"depend":[20,22,28,29],"deriv":[1,4],"detail":[3,6],"directli":[7],"divid":[32],"do":[7],"doe":[1],"doesn't":[32],"draw":[8,13,14,15,16,17],"drawn":[14,15,16,17],"each":[8,28],"edg":[10,11,14,15,17],"embed":[14],"environ":[29],"error":[9,13],"exampl":[14,26,28,32],"exist":[26],"export":[20,22],"fact":[30],"factor":[5,27],"fc":[29],"featur":[32],"file":[32],"float":[32],"follow":[32],"font":[1,4,5,7,20,21,22,24,26,27,28,29,30],"fontconfig":[29],"fontmap":[23,25,26,27,28,29],"format":[14],"from":[1,4,28],"func":[0],"function":[0,1,3,6,7,8,26,32],"gener":[28,29],"get":[1,2,3,21,24,25,28,32],"given":[9,13,23],"global":[29],"glyph":[10,11,14,15,17],"good":[32],"gradient":[32],"graphic":[32],"grid":[32],"ha":[32],"handl":[32],"have":[18],"high":[5,27],"hint":[32],"hold":[29],"howev":[8,32],"ie":[29],"imag":[32],"in":[29],"independ":[32],"index":[14],"indic":[9,13],"ineffici":[8],"inform":[29],"instead":[7,29],"integ":[9,13,32],"interfac":[20,22,28,29],"is":[32],"it":[28],"it'":[18],"item":[14],"just":[7,30],"kept":[21],"lai":[8],"larg":[8],"layout":[7,8,11,12,14,16,17,18,19,32],"least":[29],"left":[10,11,14,15,17],"librari":[32],"like":[8],"line":[9,11,13,17],"long":[32],"look":[32],"manipul":[32],"map":[7,22,26],"match":[7,8,18,19,32],"matrix":[32],"matter":[8],"mean":[5,27],"measur":[8],"metric":[32],"might":[8],"model":[32],"more-or-less":[32],"most":[8,29,30],"multipl":[28,32],"necessari":[18],"need":[7,8,32],"new":[26,29,30],"note":[14,26,28,29,32],"null":[29],"number":[9,13],"object":[7,8,28,29,30],"old":[26],"on":[30],"onc":[32],"onli":[26,28,29],"option":[1,4],"origin":[9,10,11,13,14,15,17],"other":[32],"otherwis":[14],"out":[8],"output":[14],"overrid":[4,29],"own":[28],"pango":[8,26,28,32],"pango'":[0],"pango_cairo_context_get_font_options":[1],"pango_cairo_context_get_resolution":[2],"pango_cairo_context_get_shape_renderer":[3],"pango_cairo_context_set_font_options":[4],"pango_cairo_context_set_resolution":[5],"pango_cairo_context_set_shape_renderer":[6],"pango_cairo_create_context":[7],"pango_cairo_create_layout":[8],"pango_cairo_error_underline_path":[9],"pango_cairo_font_get_scaled_font":[21],"pango_cairo_font_map_create_context":[23],"pango_cairo_font_map_get_default":[28],"pango_cairo_font_map_get_font_type":[24],"pango_cairo_font_map_get_resolution":[25],"pango_cairo_font_map_new":[29],"pango_cairo_font_map_new_for_font_type":[30],"pango_cairo_font_map_set_default":[26],"pango_cairo_font_map_set_resolution":[27],"pango_cairo_glyph_string_path":[10],"pango_cairo_layout_line_path":[11],"pango_cairo_layout_path":[12],"pango_cairo_show_error_underline":[13],"pango_cairo_show_glyph_item":[14],"pango_cairo_show_glyph_string":[15],"pango_cairo_show_layout":[16],"pango_cairo_show_layout_line":[17],"pango_cairo_update_context":[18,32],"pango_cairo_update_layout":[19],"pango_layout_get_ext":[32],"pango_scal":[32],"pangocairo":[28],"pangocairofont":[20],"pangocairofontmap":[22,26,28,29,30],"pangocairoshaperendererfunc":[3,6],"pangocontext":[7,8,18,19,23,32],"pangofontdescript":[5,27],"pangofontmap":[28,29],"pangolayout":[12,16,19],"pangolayoutlin":[11,17],"paramet":[29],"particular":[20,22,28,29],"path":[9,10,11,12],"pdf":[14,32],"per-thread":[26,28],"piec":[32],"pixel":[32],"point":[5,10,11,12,14,15,16,17,27,32],"power":[32],"previous":[1,18],"primit":[32],"privat":[19],"process":[32],"program":[32],"properti":[32],"rectangl":[9,13],"referenc":[21,26],"releas":[26],"render":[0,1,3,4,6,32],"report":[1,32],"request":[29],"resolut":[2,5,25,27,29],"result":[9,13,32],"retriev":[1,3],"return":[28,29],"rotated-example]rotated-text.png":[32],"round":[9,13],"run":[32],"safe":[28],"scale":[5,21,27],"screen":[32],"section":[32],"see":[2,3,6,25,32],"segment":[9,13],"separ":[8],"set":[1,3,4,5,6,7,8,26,27],"shape":[0,3,6],"shaperendererfunc":[0],"should":[28,29,30,32],"shouldn't":[32],"show":[13,14,15,16,17],"similar":[14],"simpli":[30],"sinc":[8,26,28],"slightli":[8],"so":[32],"specifi":[5,9,10,11,12,13,14,15,16,17,27],"spell":[9,13],"squiggli":[9,13],"start":[14],"still":[26,32],"straightforward":[32],"string":[10,15],"style":[9,13],"suitabl":[30],"support":[14,29],"surfac":[1,4,7,8,18,19,32],"system":[32],"target":[1,4,7,8,18,19,32],"technolog":[20,22],"test":[29],"text":[4,8,11,12,14,32],"that":[32],"the":[10,11,14,15,17],"those":[18,30],"thread":[26,28],"top-left":[12,16],"transform":[7,8,18,19,32],"two":[29],"type":[0,3,6,20,22,24,28,29,30],"underlin":[9,13],"unit":[5,27,32],"unref":[26],"up":[7,8],"up/down":[9,13],"updat":[7,18,19,32],"us":[3,4,6,7,8,9,13,18,20,21,22,24,26,28,29,30,32],"user":[3],"user-spac":[32],"valu":[5,26,27],"variabl":[29],"vector":[32],"wai":[8,28],"when":[4,29,32],"where":[32],"which":[14],"width":[9,13],"win32":[29],"window":[32],"x":[32],"you":[7,8,28,29,32],"your":[29]}}